N;L;PAROLES;;Dimension Dialogique;Dimension Epistémique
54;L4;alors tu le vois comment ton quartier toi ((rires));;Q;0
0055a;L1;allez tiens si vous voulez on va commencer par moi, alors heu les objectifs du quartier ça sera partager s’entraider, heu baser la notion de confiance heu, et du coup la notion d’équilibre par rapport à l’échange équivalent heu, j’ai rebondi là-dessus par rapport à une question où c’était en termes d’échange de location etc quelle monnaie il faudrait utiliser, bah du coup on ne sera même plus obligé de s’enfermer là-dedans;;P1;0
0055b;L1;on pourrait avoir confiance directement envers les personnes qu’on fréquente au fur et à mesure dans le temps et du coup avoir oui voilà avoir une sphère de confiance et du coup ne pas s’enfermer non plus dans un système monétaire voilà par rapport au fait de se faire confiance et de;;Arg+;VA
;;;;(P1);(confiance)
56;L4;je ne vois pas le lien entre la confiance et le système monétaire enfin;;Q;0
57;L1;Bah par exemple;;Préc;0
58;L3;le système de caution;;Préc;0
59;L1;de caution de location;;Préc;0
60;L4;ah oui de la caution ;;Préc;0
61;L1;par exemple;;Préc;0
62;L4;oui oui;;[+];0
;;;;-61;
0063a;L3;ouais bah c’est comme la question sur la monnaie moi j’ai dit bon bah on va rester avec l’euro pour ce qui est principal et sinon on verra, je sais pas ça ne sera peut-être pas nécessairement avec la monnaie mais juste avec un système de suivi des objets;;P2;0
0063b;L3;enfin si on se prête des trucs que l’objet puisse être suivi genre je l’ai prêté à untel donc si quelqu’un en a besoin de le prêter à untel ça règle le problème de savoir où il est qui l’a etc;;Arg+ ;VA
;;;;(P2);(confiance)
64;L4;bah avec le système de confiance il n’y en a même pas besoin;;Arg- ;VA 
;;;;(P2);(confiance)
65;L1;oui comment;;+];0
;;;;-64;
66;L3;ouais en fin ça dépend;;-];0
;;;;-64;
67;L4;avec bah si c’est basé sur la confiance t’en as même pas besoin;;Arg-;VA 
;;;;(P2);(confiance)
68;L1;oui mais le principe de la confiance n’est pas obligatoire c’est-à-dire que tu peux avoir fréquenté une personne pour plusieurs transactions différentes enfin vingt fois elle t’invite pour prendre le café vous discutez 5 minutes ce n’est pas pour autant que demain tu es prêt à l’inviter et à lui laisser ta baraque;;Arg+;VA 
;;;;(P2);(confiance)
69;L4;oui;;[+];0
;;;;-68;
70;L1;voilà il y a une frontière;;Préc;0
0071a;L2;mais en fait à long terme si on y pense le quartier n’a pas besoin de gens qui échangent et qui vont prêter ;;P3;0
0071b;L2;parce que finalement enfin moi j’ai mis ça mais après je ne sais plus où je l’ai mis heu c’est un truc que auquel je pensais c’était que le quartier est un peu au-dessus un peu comme une sorte de grande famille élargie et à partir du moment où tu as des gens qui possèdent des choses heu c’est la question du coût c’est-à-dire heu moi j’ai une perceuse chez moi je ne l’utilise pas donc j’ai un coût d’opportunité au final je me dis y’a deux choses je peux me dire je ne l’utilise pas t’en as besoin je te la prête je m’en fous et la deuxième chose c’est je n’utilise pas je pourrais gagner des sous c’est deux mentalités différentes donc c’est je te la prête je m’en fous je ne l’utilise pas ou je te la loue parce que je préfère gagner des sous et c’est moi qui l’ai achetée et;;Arg+;VA
;;;;(P3);(économique, éthique)
72;L1;donc du coup tu aurais ce principe-là via une personne que tu ne connais pas ou un ami;;Préc;0
73;L2;oui exact oui c’est ça et en fait;;[+];0
;;;;-72;
74;L1;un ami tu vas pas le faire payer;;Préc;0
75;L2;un ami tu ne vas pas le faire payer mais une personne que tu ne connais pas oui et à ce moment-là c’est là où la notion de quartier elle vient au-dessus c’est-à-dire que c’est la notion de quartier donc tu prêtes les choses tu ne les loues pas alors après ça ne marchera pas pour tout le monde parce que forcément il y a des gens qui ont besoin d’incitation monétaire et qui vont dire bah attend heu;;Arg+;VA
;;;;(P3);(économique, éthique)
76;L1;ou qui ne seront pas d’accord tout court;;Préc;0
0077a;L2;heu attends j’ai acheté cette machine à laver 800 balles l’année dernière ça me casse les couilles que tu viennes laver ton linge tous les jours ;;Arg+;VA
;;;;(P3);(économique, éthique)
0077b;L2;alors heu ce qui se passe en fait c’est que enfin si tu veux vraiment tendre vers un quartier à mon avis en termes de monnaie d’incitation monétaire qui va vraiment vers une collaboration il faut que ça soit le quartier qui investisse dans les dans les sous dans les équipements que ce soit les perceuses donc tu crées des ateliers de fabrication des choses comme ça et que notamment dans les équipements que tu utilises de temps en temps ou à lourd budget et pas les gens parce que t’as forcément parce que voilà si c’est le quartier qui les a après tu as juste une cogestion ou je ne sais pas un calendrier collaboratif heu sur un ipad quoi;;Arg+;FAI
;;;;(P3);(économique)
78;L3;bah après je pense que ça va dépendre des équipements enfin ça va être valable heu ;;Préc;0
79;L2;oui clairement;;[+];0
;;;;-78;
80;L3;pour la machine à laver on peut le faire avec je ne sais pas des perceuses;;Préc;0
81;L2;je pensais plutôt ouais je pensais plutôt;;0;0
82;L4;il a pris l’exemple du bricolage;;Préc;0
83;L3;oui voilà mais après si toi tu as un truc je sais pas heu du sel du verre de je sais pas quoi on ne va pas acheter tout ça en groupé ;;Arg-;FAI
;;;;(P3);(économique)
84;L4;bah nan;;[+];0
;;;;-83;
0085a;L2;non clairement évidemment ça oui oui évidemment ;;[+];0
;;;;-83;
0085b;L2;nan je pensais justement aux équipements qui coûtent beaucoup et tu utilises peu enfin des choses ou en fait qui ont un véritable coût d’opportunité à soit prêter soit à louer ;;Arg-;FAI
;;;;(P3);(économique)
0085c;L2;et enfin c’est un peu la notion de quartier je trouve ça je trouve que tu as 30 000 façons tu peux le faire tu sais des relations monétaires ou des relations d’entraide des relations d’entraide pure je trouve ça bizarre mais enfin ce n’est pas la première question;;Arg-;VA
;;;;(P3);(relations sociales)
86;L4;nan mais ce qui est quand même intéressant c’est que moi c’est quelque chose que j’ai souligné dans la question d’après que pour moi enfin la manière dont je voyais un peu les choses c’est qu’il y avait un peu une sorte ouais une sorte d’autorité du quartier avec comme ça son propre heu son propre compte bancaire consolidé par les gens en fait qui qui du coup heu qui du coup investissait dans ces différentes choses comme ça et du coup ils mutualisent sur le quartier donc avoir une laverie par exemple des trucs comme ça mais que ce soit;;P4;0
87;L3;mais après il faut voir comment on gère le compte bancaire;;Q;0
89;L4;nan mais tu vois oui c’est ça mais en gros il a son propre argent et en fait avec le c’est le quartier ce n’est pas directement les gens qui achetaient;;Préc;0
90;L3;je pense que pour les gros investissements genre;;0;0
91;L2;tu mets en place une cotisation par an;;P5;0
92;L4;ouais;;[+];0
0093a;L2;tu mets en place une cotisation en fonction de tes utilisations;;Préc;0
0093b;L2;c’est des trucs que tu peux capter aujourd’hui avec les capteurs tu peux savoir combien de fois tu utilises la laverie par an et donc tu ajustes la cotisation d’après en fonction de ce que tu utilises comme équipement;;Arg+;FAI
;;;;(P5);(faisabilité)
0093c;L2;ce qui fait que le mec qui ne veut rien utiliser et qui a tout chez lui bah il paie un euro et celui qui compte sur le quartier il paiera dix euros sachant que c’est genre le grand nombre donc plein de personnes qui payent 10 euros tu achètes quatre perceuses ça suffit pour la ville;;Arg+;VA
;;;;(P5);(équité)
94;L3;ah donc tu verrais une possibilité d’avoir une laverie chez toi et une laverie généralisée;;Préc;0
95;L2;bah en fait ça dépend des gens s’il y a quelqu’un qui ne veut pas participer;;Préc;0
96;L4;une machine à laver plutôt pas une laverie on va faire une laverie chez moi ((rires));;Préc;0
97;L1;ceux qui veulent économiser de l’espace chez eux pour ne pas pour pas niquer l’espace et mettre une laverie par exemple et bah du coup ils pourraient se reporter sur la laverie commune;;Arg+;VA
;;;;(P5);(équité)
;;;;;
98;L2;et tu paies une cotisation finalement en fonction de ça;;Préc;0
99;L3;d’accord ok c’est pas mal;;[+];0
;;;;-98;
100;L1;et ta cotisation augmente;;Préc;0
101;L2;parce que c’est un peu le bonheur avec les capteurs aujourd’hui et l’internet d’émission on peut savoir exactement enfin si t’acceptes en fonction de enfin voilà savoir exactement quelles sont tes activités collaboratives ou pas donc par rapport à combien de fois tu as réservé cette salle-là combien de fois tu as utilisé cet atelier-là combien de fois tu as pris des cours avec le voisin de maths etc etc après le fait de le savoir tu as une forme monétaire mais plus sous forme de cotisation;;Arg+;FAI
;;;;(P5);(utilité)
102;L3;oui mais donc dans ce cas tu te ferais payer;;Q;0
0103a;L2;c’est une petite cotisation par an ;;Préc;T12
0103b;L2;mais c’est plus une cotisation où le coût de revient est égal à zéro;;Arg+;FAI
;;;;(P5);(économique)
104;L1;oui mais normalement c’est censé s’équilibrer;;Arg+;FAI
;;;;(P5);(économique)
105;L2;oui ça s’équilibre c’est-à-dire ça ne coûte rien à la communauté;;Arg+;FAI
;;;;(P5);(économique)
106;L3;oui au départ ça va coûter cher parce qu’il faut payer les nouvelles installations etc mais après;;Arg-;FAI
;;;;(P5);(économique)
107;L2;ouais c’est ça mais après ouais en fait tu  en fait c’est;;0;0
108;L1;oui la première année elle ne sera pas rentabilisée tout de suite mais ça serait sur le long terme;;Arg+;FAI
;;;;(P5);(économique)
109;L2;oui nan mais c’est ça oui moi je pense c’est ça;;[+];0
;;;;-108;
110;L3;ou alors c’est au moment où tu paies ton appart que déjà tu as tout l’investissement qui est fait que c’est le constructeur qui met en place tout et toi quand tu rentres l’année 1 c’est valable comme une année normale quoi;;P6;0
111;L2;tu paies c’est tu paies  même ouais c’est ça  enfin moi  ;;0;0
112;L3;parce que sinon si on doit faire face à tous les problèmes dès le départ genre acheter des tas de trucs ça va peut-être être trop lourd;;Arg+;FAI
;;;;(P6);(économique)
113;L2;nan nan c’est clair;;[+];0
;;;;-112;
114;L3;ça va demander beaucoup de temps;;Préc;0
0115a;L2;l’organisation d’un quartier collaboratif ouais  ;;[+];0
;;;;-114;
0118a;L3;moi j’aurais juste rajouté pour les objectifs du quartier c’est vivre bien moins cher aussi parce que si on n’a pas à acheter son matériel perso etc ça va revenir moins cher ;;P7;0
0118b;L3;et aussi avec une tolérance à l’environnement c’est-à-dire qu’il faut réfléchir à cette notion-là c’est-à-dire qu’on y vive bien etc qu’on s’échange les trucs mais qu’il y ait un système de recyclage qui soit mis en place qu’il y ait un système de production de l’énergie qui soit aussi mis en place etc et au moins qu’on enfin qu’on qu’il y ait cette dimension-là enfin c’est peut-être à cause de mon;;P7;0
146;L3;ok j’aimais bien l’idée de confiance quand même que  que tu as dégagé au premier truc  ;;Préc;0
147;L2;ouais création d’une sphère de confiance d’un environnement de confiance en fait;;[+];0
;;;;-146;
0148a;L3;ouais où on vit bien  j’avais rajouté aussi un système de quartier qui aussi ne soit pas qu’un quartier-dortoir ;;P8;0
0148b;L3;qu’il y ait aussi des bureaux dedans enfin des sys- enfin qu’à l’échelle du quartier qu’il y ait un ou deux bureaux parce que si la journée c’est complètement mort où tout le monde va travailler;;P9;0
149;L2;ouais;;[+];0
;;;;(0148b);
150;L1;après il faut qu’on fasse attention à ne pas créer une ville parce que c’est ce dont je me suis rendu compte en fait en écrivant j’étais là en train de me dire il y a un centre de décision et du coup je me suis dit c’est une ville que je suis en train de créer enfin ;;Préc;0
151;L3;ouais c’est vrai mais imagine un super quartier tout bien installé;;Préc;0
152;L1;c’est un bout de ville c’est un quartier hein;;Préc;0
153;L4;oui mais;;0;0
154;L2;prends ça comme un arrondissement;;Préc;0
155;L4;oui mais par rapport aux bureaux ça veut dire que;;Q;0
156;L1;oui voilà mais du coup c’est c’est un arrondissement en fait;;[+];0
;;;;-154;
157;L4;oui mais ça veut dire que tu dois faire… moi j’ai mis une sorte de supérette dans le quartier;;P10;0
158;L3;oui une supérette un commerce mais peut-être que;;[+];0
;;;;-157;
0159a;L4;mais pas de bureaux tu vois ;;P11;0
0159b;L4;c’est heu c’est difficile parce que les gens ont un travail tellement différent je veux dire on des emplois tellement différents;;Arg+;FAI
;;;;(P11);(faisabilité)
160;L3;pas forcément un bureau pour le quartier  un bureau généralisé on peut embaucher d’autres gens de la ville etc;;Arg-;FAI
;;;;(P11);(faisabilité)
161;L4;oui mais ça serait quoi leur travail ?;;Q;0
162;L3;je ne sais pas un travail heu;;Préc;0
163;L2;pour illustrer ce que tu disais en fait je me souviens d’une infographie d’un truc qui date de quelques années où il y avait un gars qui avait modélisé aux États-Unis par rapport à la France la répartition des quartiers des activités dans les quartiers type bars type n’importe quoi et la répartition des lieux de travail et en fait je crois que c’était heu pas Miami ou Seattle enfin des villes aux Etats-Unis quoi et en fait où t’avais tous les bars qu’étaient dans un quartier et tous les logements travail dans un autre et ça faisait une ville totalement schizophrène où d’un côté c’était des buildings à l’euphorie un peu comme s’il y avait que la Défense et que Oberkampf  à Paris c’était un peu ça mais très éloignés;;Arg+;VA
;;;;(P11);(agréabilité)
164;L1;et tu passes d’un truc très calme et à une ville qui bouge ouais;;Préc;0
165;L4;bah c’est assez éloigné hein ((rires));;0;0
166;L2;nan mais et le troisième quartier qui était un quartier genre d’habitations et en fait ça faisait des villes pas du tout homogènes où les gens vont de leur travail à leur;;Arg+;VA
;;;;(P11);(agréabilité)
167;L3;et puis la journée c’est complètement mort;;Arg+;VA
;;;;(P11);(agréabilité)
168;L2;la journée bah;;0;0
169;L1;tout dépend du quartier où t’es;;Préc;0
170;L3;oui;;[+];0
;;;;-169;
171;L2;ouais mais voilà nan mais c’est ça;;[+];0
;;;;-169;
172;L1;parce que du coup tu as un quartier qui bouge ;;Préc;0
173;L2;en fait ça fait des quartiers vraiment habités à certaines heures et le reste totalement mort et ils comparaissaient à Paris où en fait à Paris bah t’as les cafés sont placés de manière vachement enfin heu;;Arg+;VA
;;;;(P11);(agréabilité)
174;L4;aléatoire;;Préc;0
175;L2;aléatoire ouais il y en a un peu partout et les lieux de travail aussi c’est-à-dire que tu ;;Préc;0
176;L1;ouais c’est ça;;[+];0
;;;;-173;
177;L2;enfin je ne sais pas t’en trouves à Beaubourg et à côté un peu partout;;Préc;0
178;L1;bah déjà sur le secteur gastronomique ;;Préc;0
179;L2;ouais;;Préc;0
180;L1;le quartier chinois italien;;Préc;0
181;L2;clairement ouais mais même tu trouves plein d’agences de pub un peu dans tous les quartiers enfin des trucs comme ça  ;;Préc;0
182;L3;oui;;[+];
;;;;-181;
183;L2;c’est juste qu’ils disaient que enfin tu voyais des quartiers beaucoup plus vivants où les gens se rencontraient beaucoup plus quand tu avais des lieux de travail qui étaient un peu plus mélangés avec les lieux d’habitation et les lieux de sortie;;Arg+;VA
;;;;(P11);(relations sociales)
184;L3;je pensais genre juste à peut-être pas un bâtiment mais une partie de bâtiment qui soit avec un petit bureau ou une supérette ou;;Préc;0
185;L2;ouais ouais moi je suis d’accord avec ça;;[+];0
;;;;-184;
186;L4;ouais du coup je marque quoi je marque heu ;;[+];0
;;;;-184;
187;L3;bah;;0;0
188;L4;emploi à proximité;;Préc;0
189;L3;oui voilà emploi à proximité;;[+];0
;;;;-188;
190;L4;emploi à proximité et café à proximité;;P12;0
191;L2;ouais tu fais quartier hétérogène;;[+];0
;;;;-190;
192;L1;Emploi et école;;P13;0
193;L2;quartier hétérogène entre ouais c’est ça;;[+];0
;;;;-192;
194;L3;école ils vont peut-être se plaindre à cause du bruit;;Arg-;FAI
;;;;(P13);(nuisance)
195;L1;oui et non parce que du coup il ne faut pas qu’ils fassent trois kilomètres pour déposer leurs enfants heu que ça soit galère au niveau de la crèche pour les récupérer enfin;;Arg+;FAI
;;;;(P13);(utilité)
196;L3;Pierre lui il avait même prévu de créer un système de crèche dans le quartier finalement c’est comme toi;;Préc;0
197;L4;ouais;;[+];0
;;;;-196;
239;L4;alimentation eau et électricité;;0;0
240;L2;heu bah allez y;;0;0
0241a;L1;heu électricité panneaux solaires ;;P14;0
0241b;L1;récupération de l’eau de pluie ;;P15;0
0241c;L1;centre de filtrage;;P16;0
242;L2;ah ouais c’est bien ça récupération d’eau de pluie;;[+];0
;;;;(0241b);
0243a;L3;heu ouais c’est quasiment la même chose mais éolienne ;;P17;0
0243b;L3;ça dépend du lieu s’il y a du vent ou pas c’est pas nécessairement c’est pas obligatoire;;Préc;0
244;L1;j’y ai pensais aussi mais ça fait énormément de bruit et dans un quartier ça tue;;Arg-;FAI
;;;;(P17);(nuisance)
245;L3;bah heu ouais je sais pas je sais que ça avait déjà été mis en place dans un endroit des éoliennes et que ça avait fait;;Préc;0
246;L1;ah oui nan nan c’est totalement possible mais en fait j’ai y’a y’a il y a une amie à ma mère qui habite en banlieue parisienne enfin plus loin que la banlieue parisienne  elle a l’aéroport à quelques kilomètres et elle a des éoliennes pas loin ;;Arg-;FAI
;;;;(P17);(nuisance)
247;L3;oula;;0;0
248;L1;les deux la journée quand c’est pas quand c’est quand c’est je dis une connerie 3000 avions qui passent par jour  c’est un bruit énorme horrible et quand ce n’est pas les avions t’as les éoliennes qui font du bruit aussi donc du coup les deux associés elle a la tête comme ça;;Arg-;FAI
;;;;(P17);(nuisance)
249;L3;ouais;;[+];0
;;;;-248;
250;L1;donc ça marche très bien  mais c’est horrible la vie en communauté là c’est horrible  les les personnes âgées les enfants ils vont péter un câble avec ça à côté;;Arg-;FAI
;;;;(P17);(nuisance)
251;L4;en plus ça demande de la place hein;;Arg-;FAI
;;;;(P17);(taille)
252;L3;oui nan mais ça demande oui nan mais c’est pas c’est pas au sein de la communauté c’est pas au sein du quartier c’est assez loin mais;;Arg+;FAI
;;;;(P17);(taille)
263;L4;alors moi j’ai marqué heu moi je voyais le truc un peu de façon pyramidale  t’avais le quartier on va dire qu’il est centralisé pour les ressources en eau en électricité et qu’à partir de ça tu as t’avais genre que il c’est alloué aux habitations  ;;P18;0
264;L2;en fonction des besoins ?;;Q;0
265;L4;en fonction des besoins et en fonction aussi en essayant de;;Préc;0
266;L1;((tends sa feuille à L4)) bah du coup c’est un système où en bleu tu produis et en vert tu répartis  tu redispatch;;Préc;0
267;L4;ouais;;0;0
272;L3;et heu ouais donc panneaux solaires mais aussi un système heu;;0;0
273;L4;genre autosuffisance heu ;;0;0
274;L3;électrique;;0;0
275;L4;ouais;;0;0
276;L3;avec solaire ;;0;0
277;L2;ah je je ouais pas mal;;0;0
278;L3;j’avais aussi une idée pour les lampadaires mettre chacun leur coller un petit truc solaire au-dessus;;P19;0
279;L1;c’est pas mal ça;;[+];0
;;;;-278;
0280a;L3;c’est toujours sur chaque truc on essaye de caser  et aussi le chauffage parce qu’en fait les les panneaux solaires en fait ça fait ça dégage quelquefois ça surchauffe et créer un système de ventilation qui passe en dessous et qui chauffe déjà heu heu l’air et chauffe l’air et qu’après on le répartisse ;;P20;0
0280b;L3;ce qui évite d’avoir à payer en plus du chauffage pour continuer à chauffer l’air;;Arg+;FAI
;;;;(P20);(économique)
281;L1;l’intérieur;;Préc;0
282;L2;c’est cool ça;;[+;0
;;;;(0280b)];
283;L3;et aussi un système de de de truc sous-terrain c’est-à-dire en fait par exemple c’est l’idée que le sol il est à 15° tout de temps;;P21;0
284;L4;ouais la géothermie ;;Préc;0
285;L2;ouais;;0;0
286;L3;et heu donc du coup plutôt que d’avoir à chauffer en hiver par exemple il fait 0° tu fais passer sous un tuyau ça chauffe l’air jusqu’à 15° tu as donc juste à chauffer 5° d’écart ce qui évite à avoir à en rajouter ((acquiescements général));;Préc;0
290;L2;heu moi en fait je n’avais pas pensé comme ça je pensais de manière beaucoup plus enfin j’ai pas pensé en termes de moyen de production vraiment j’ai essayé de comprendre le truc local et en fait t’as forcément l’électricité qui va avoir une provenance locale avec les moyens que vous disiez qui seraient complétés par des moyens nationaux  le but finalement d’un quartier intelligent avec de l’électricité produite;P22;;0
291;L3;c’est ce que j’ai mis en dernier genre pour compléter toujours avoir une possibilité de se relier pour éviter un blackout complet;[+];;0
;;;-290;;
0292a;L2;ouais de toute manière et heu en fait  le but de ces quartiers là aussi c’est finalement de minimiser l’empreinte écologique l’empreinte des plateformes heu des centrales des choses comme ça  et donc heu ce que j’ai dit le but étant de minimiser le coût écologique des centrales et de contrebalancer par une production locale  ;Arg+;;VA
;;;(P22);;(écologique)
0292b;L2;le truc c’est qu’une production locale ne pourra jamais égaliser enfin tu ne peux pas fournir entièrement un quartier avec une production locale tu es obligé d’avoir ;Préc;;0
0292c;L2;donc comment tu fais pour mieux utiliser ça ?;Q;;0
0292d;L2;bah c’est grâce finalement à des applications de gestion des capteurs heu notamment avec les smart grids les trucs comme ça ou avant tu sais-tu demandes par exemple 5 kW pour ta maison et finalement tu es là 3 mois par an ça ne sert à rien;P23;;0
0292e;;et aujourd’hui avec les capteurs intelligents t’as t’a des capteurs intelligents et bah t’as pile l’électricité dont tu as besoin;Arg+;;FAI
;;;(P23);;(faisabilité)
293;L4;oui c’est ce que j’ai marqué;[+];;0
;;;(0292e);;
294a;L2;voilà et donc en fait c’est ça c’est il faut compléter avec les moyens locaux et comme tu as besoin de demander moins d’électricité par quartier grâce aux capteurs aux smart grids aux moyens intelligents tu la contrebalances avec un truc local voilà quoi  ;Préc;;0
294b;L2;après j’ai mis  que ce soit  c’est ça et après la relation encore entre les quartiers et du coup si un quartier a trop d’électricité on contrebalance sur l’autre quartier;P24;;0
295;L4;quoi;0;;0
296;L1;si du coup après tu peux  tu peux souligner les points importants;0;;0
297;L3;ouais et après il faut juste rajouter chaque truc qu’on produit bah c’est redistribué en fonction du besoin mais au sein du quartier;P25;;0
298;L2;c’était et entre quartiers aussi;Préc;;0
299;L3;et entre quartiers aussi;[+];;0
;;;-298;;
300;L2;c’est ce que je c’est exactement mon dernier point  mais heu ouais je sais pas je prenais aussi vraiment en compte la notion de micro gestion de capteurs de choses comme ça qui permettent de diminuer les besoins en électricité violemment et donc peut-être de créer un quartier avec très peu de besoins en centrale ;Arg+;;FAI
;;;(P24);;(faisabilité)
301;L3;ouais mais ça c’est pas dans le truc Smartphone je ne sais pas quoi parce que c’est y’avait aussi un peu l’idée  ;0;;0
302;L2;bah heu nan c’est un peu partout quoi mais c’est vrai que je l’ai mis aussi là-bas;0;;0
303;L3;ouais;0;;0
304;L4;ressources partageables;0;;0
305;L1;bah moi j’ai mis tout enfin j’ai marqué dans l’idée;P26;;0
306;L4;ouais moi j’ai mis toutes les ressources seraient partageables ce serait une vraie communauté;[+];;0
;;;-304;;
307;L1;j’ai marqué dans l’idéal heu on peut toutes on peut toutes les exploiter  après si c’est un peu trop compliqué à agencer par rapport au temps dont on dispose heu on peut peut-être prendre un parti pris et se concentrer sur le plus important à développer et donc du coup la 4 elle est liée c’est-à-dire que c’est la même réponse je sais pas ce que vous en pensez;Préc;;0
0308a;L3;bah moi l’idée aussi c’est tout heu ;[+];;0
;;;-307;;
0308b;L3;après peut-être pas genre achats de groupe genre on achète une quantité de toute la nourriture pour le quartier ce genre de truc non je pense que ça ne marchera pas parce qu’on n’a pas tous la même heu;Arg-;;FAI
;;;(P26);;(faisabilité)
309;L2;ça créera du gâchis en plus ouais;Arg-;;VA
;;;(P26);;(écologique)
310;L3;oui voilà du gâchis on n’a pas tous la même consommation donc enfin pour la nourriture ça reste un peu moyen par contre bah tout le reste heu;Arg-;;FAI
;;;(P26);;(faisabilité)
0311a;L2;pour moi j’ai mis que l’énergie n’était pas partageable  en fait en termes de quartier c’est chiant  ;P27;;0
0311b;L2;c’est-à-dire que chaque personne crée sa propre énergie ce qui fait que tu peux quasiment faire de l’investissement locatif tu peux juste acheter une maison parce que tu sais qu’elle va te rapporter des sous en faisant de l’électricité et ne pas y vivre;Arg+;;VA
;;;(P27);;(éthique)
312;L1;ouais mais quoiqu’il arrive ;0;;0
313;L2;sur ton toit enfin ce que je veux dire ;Préc;;0
314;L1;quoiqu’il arrive t’y gagnes même en partageant t’y gagnes;Arg-;;VA
;;;(P27);;(économique)
315;L2;ouais carrément mais ce que je veux dire c’est que c’est pas c’est pas le quartier ce n’est pas collaboratif à ce moment-là c’est juste j’achète une maison pour l’électricité je ne serai jamais là mais je sais que ça me rapporte 1000 balles par an en plus de la louer ou pas enfin je sais pas;Arg+;;VA
;;;(P27);;(éthique)
316;L1;non tu peux pas tu peux pas la heu tu peux pas la ;0;;0
317;L4;moi je suis partie sur l’idée que;0;;0
318;L2;tu peux pas l’acti-;0;;0
319;L1;nan en gros heu en fait;0;;0
320;L2;c’était le même principe que je disais tout à l’heure;0;;0
321;L1;c’est ce que l’on voyait dans la vidéo c’est genre qu’en fait tu as un souci de surconsommation tu peux pas tu ne peux pas sauvegarder l’énergie;Préc;;0
322;L2;oui mais tu peux la redistribuer illico t’as pas de t’as pas de problème de stockage ouais d’accord;Préc;;0
323;L1;donc heu ouais tu partages dans le quartier;Préc;;0
324;L2;bah tu partages mais tu n’es pas là enfin tu vois ce que je veux dire parce que tu la revends vu que c’est individuel;P28;;0
325;L3;ouais mais en fait il faut voir comment tu la revends parce qu’il faudrait créer un système au sein du quartier si tu la revends à ton voisin tu prends le prix que ça t’a coûté pour la produire plus heu plus 10 % qui te fait plai- qui te fais juste plaisir mais si tu;Préc;;0
326;L4;mais pourquoi vous voulez la revendre pourquoi elle n’est directement consommée à partir du moment où tu l’as où elle est redistribuée dans le quartier;Q;;0
327;L2;c’est ça en fait la question c’est ça c’est soit tu crées finalement  parce que à ce moment-là ce n’est pas des installations énergétiques individuelles elles sont collectives à partir du moment où tout le monde est dans le quartier et que lui a besoin d’électricité ça repasse direct c’est collectif;P29;;0
328;L4;ouais;[+];;0
;;;-327;;
329;L2;donc soit t’as c’est des ressources énergétiques elles sont pas partageables si elles sont collectives  si elles sont partageables ça veut dire qu’elles sont individuelles tu vois ce que je veux dire en gros moi j’ai dit énergie pas partageable car on peut la mettre en commun directement ressource en commun après je ne sais pas c’était comme ça enfin c’était comme ça que je le voyais  le mot partageable veut bien dire que ça appartient ;Préc;;0
;;à quelqu’un;;;
330;L3;après y’a aussi l’idée de compter le nombre d’énergie que tu consommes tu vois;P30;;0
331;L2;pour optimiser ta consommation;Q;;0
332;L3;pour optimiser ta consommation parce que si tu dis bon allez hop là et puis au final tu ne regardes pas du tout à combien ça te revient ça ne va pas forcément le faire;Arg+;;VA
;;;(P30);;(écologique)
333;L2;ouais ouais bah clairement tu oui c’est vrai;[+];;0
;;;-332;;
334;L3;il ne faut pas que l’argent soit l’enjeu c’est-à-dire que tu vas avoir heu admettons que tu la revends ça serait genre 5 euros maximum  enfin pas plus quoi;Préc;;0
0335a;L2;nan mais tu paies ton électricité mais tu peux mais les moyens de enfin tu la payes tu la payes au quartier j’allais dire mais les moyens de production ne sont pas à toi  ;Préc;;0
0335b;L2;c’est-à-dire tu paies moins cher ton électricité grâce à ton quartier qui produit de l’électricité heu quasi autonome tu vois;Arg+;;VA
;;;(P30);;(écologique)
336;L3;oui voilà c’est ça  ça te revient moins cher mais;[+];;0
;;;(0335b);;
337;L2;ça te revient moins cher mais ce n’est pas parce que tu le revends c’est parce que tu fais partie du quartier;Arg+;;FAI
;;;(P30);;(économique
338;L3;oui voilà mais c’est pas toi qui le revend;[+];;0
;;;-337;;
343;L3;moi la 4 je n’ai rien mis absolument non partageable bah;0;;0
344;L2;moi je n’ai pas trouvé t’as pas trouvé non plus ((rires));0;;0
345;L3;heu non enfin absolument non partageable non enfin tu peux toujours partager un truc après c’est à toi de voir comment tu le partages;Préc;;0
346;L2;j’ai mis la vie privée ((rires));P31;;0
347;L4;alors moi j’ai marqué j’avais marqué que je trouvais ça important enfin je suis partie sur une conception un peu comme il avait fait au Québec en mode heu voilà quoi genre individuel avec des trucs en commun et je trouvais ça vraiment important que chacun ait son propre lieu de vie individuel par foyer c’est ce que j’avais marqué;P32;;0
348;L3;il faut juste que dans l’idée de quartier t’as forcément un lieu pour vivre toi;Préc;;0
349;L4;on a dit que l’on ne mettait pas la nourriture qu’on partageait pas la nourriture;Pré;;0
350;L3;ouais;[+];;0
;;;-349;;
352;L2;heu lieux collaboratifs;0;;0
353;L3;heu alors qu’est-ce que j’ai avoir une salle commune ou voire plusieurs en fonction des usages genre une salle de sport l’idée d’avoir une salle de sport ;P33;;0
354;L2;ouais exactement;[+];;0
;;;-353;;
355;L3;l’idée d’avoir une salle de sport avec des outils c’est peut-être déjà pas mal ;Préc;;0
356;L2;ouais tous les trucs;[+];;0
;;;-355;;
357;L3;mais qui soit utilisable par tous pas genre cinq mecs qui y vont tout le temps et tout le monde a peur d’y aller;Préc;;0
358;L1;ouais j’y ai pensé aussi;[+];;0
;;;-357;;
0359a;L3;heu une salle convivialité avec fauteuils télé ;P34;;0
0359b;L3;c’est faisable ça ne coûte pas forcément trop cher;Arg+;;FAI
;;;(P34);;(économique)
360;L4;attends recommence;0;;0
361;L1;attends attends vas y parle dit;0;;0
362;L3;attends je cite juste tous mes trucs là;0;;0
363;L4;ouais ouais;0;;0
0364a;L3;heu j’ai des lieux type Autolib parmi les lieux collaboratifs c’est-à-dire les lieux où tu as un emplacement de voitures où il bah c’est des trucs à disposition ;P35;;0
0364b;L3;et aussi un lieu de de covoiturage c’est-à-dire ce n’est pas le même principe ;P366;;0
0364c;L3;parce que Autolib tu vas la louer tu vas faire le tour etc mais tu peux l’utiliser une journée complète ;Préc;;0
0364d;L3;le covoiturage c’est uniquement le trajet du matin chacun prend l’un prend l’autre donc c’est pas;Préc;;0
365;L1;ouais;0;;0
366;L2;c’est l’autopartage enfin;0;;0
367;L3;ah écopartage;0;;0
368;L2;le lift;0;;0
0369a;L3;ouais voilà c’est écopartage ce n’est pas Autolib enfin c’est équivalent c’est auto heu autopartage c’est ça  ;0;;0
0369b;L3;et peut-être une salle de musique insonorisée ;P37;;0
0369c;L3;genre un truc qui évite qui ça pète les oreilles à tout le monde et que ça soit commun donc limite pourquoi pas enfin il faut voir avec d’autres gens;Préc;;0
370;L2;installations respectueuses ;P38;;0
371;L3;ouais voilà;[+];;0
;;;-370;;
372;L2;enfin espaces collaboratifs respectueux de l’individualité de chacun;Préc;;0
0373a;L1;bah moi j’ai à peu près dit la même chose que toi centre culturel ;P39;;0
0373b;L1;sportif ;P40;;0
0373c;L1;ludique ;P41;;0
0373d;L1;heu biens et services;P42;;0
374;L2;moi j’ai mis potager;P43;;0
375;L3;potager c’est une très bonne idée;[+];;0
;;;(0373d);;
376;L1;ouais  et un centre général;P44;;0
0377a;L2;moi j’avais parlé d’ateliers création d’ateliers de quartier où t’avais des ateliers de fabrication comme tu disais mise à disposition des outils etc h et des ateliers de complétude du savoir où logiquement tu sais t’as des gars qui donnent des cours de maths ou t’as des gars qui vont t’apprendre à faire je sais pas ci ou je sais pas ça des trucs comme ça;P45;;0
0378a;L3;après faudrait savoir qui gère l’atelier ;0;;0
0378b;L3;est-ce que c’est quelqu’un de l’extérieur ou;P45;;0
379;L2;nan clair clair;0;;0
380;L3;ou est-ce que c’est quelqu’un qui va s’investir;P46;;0
381;L4;attends redis ce que tu as dit là;0;;0
382;L2;oui oui clairement la communauté des gens motivés quoi;Préc;;0
399;L4;les habitations maintenant;0;;0
0400a;L1;moi je me posais la question entre maison ;P47;;0
0400b;L1;et appartement  ça serait déjà un peu plus personnel;P48;;0
0400c;L1;mais sinon quoiqu’il arrive parce que du coup l’appartement ça serait en mode résidence  ;Préc;;0
0400d;L1;tandis que maison dans le sens où ils seraient identiques en termes d’espace de surface après si quelqu’un veut avoir une terrasse un jardin etc voilà ça sera possible et du coup pourquoi pas proposer un quartier où les gens créent leur propre maison directement  mais en ayant la contrainte de la surface;P49;;0
0400e;L1;pour avoir la même consommation au final;Arg+;;VA
;;;(P49);;(équité)
401;L3;ouais;0;;0
402;L1;je ne sais pas si vous voyez ce que je veux dire;0;;0
403;L3;ouais alors moi j’ai juste un problème avec les les maisons c’est en fait ce n’est pas du tout rentable du point de vue heu en économie d’énergie ça fonctionne vraiment pas tout ce qui est enfin tout ce qui est consommation d’énergie ça ne marche pas;Arg-;;VA
;;;(P47);;(écologique)
0419a;L3;donc du coup en fait voilà enfin j’avais pensé enfin que c’est mieux un habitat proche du sol ;P50;;0
0419b;L3;parce que ça peut éviter de faire des habitations en forme de tours;Arg+;;VA
;;;(P50);;(esthétique)
0419c;L3;sauf que ça marche moyennement sur le point de vue énergie ça demande beaucoup de consommation heu donc du coup ensuite je préférerais les apparts qu’une maison isolée parce que environnementalement je trouve que c’est moins rentable parce qu’il y a beaucoup plus de surface à chauffer en en termes de maisons isolées tandis qu’en apparts t’as genre;Arg-;;VA
;;;(P50);;(écologique)
0424a;L3;heu j’avais aussi donc ‘fin les sta- heu le quartier doit être proche ;0;;0
0424b;L3;d’une station de desserte genre métro RER;P51;;0
0424c;L3;parce que s’il est trop loin bah ça va faire chier tout le monde;Arg+;;FAI
;;;(P51);;(utilité)
425;L2;ouais moi j’ai pas ouais il faut vraiment penser à ça aux transports ;[+];;0
;;;(0424c);;
426;L3;bah voilà;0;;0
427;L2;clairement on n’a pas assez;0;;0
428;L1;on n’en a pas parlé;0;;0
429;L2;bah là c’est le moment où il faut en parler;0;;0
430;L4;il faudrait qu’on le rajoute je pense dans ressources partageables le transport;0;;0
431;L1;ok  je vais voir;0;;0
432;L3;enfin partageable pas qu’avec le quartier enfin là c’est carrément une station qui ramène tout la ville;Préc;;0
433;L4;ouais ouais;[+];;0
;;;-432;;
434;L2;oui c’est assurer les liens entre quartiers voisins entre quartiers un peu éloignés;Préc;;0
0435a;L3;ouais voilà  ;[+];;0
;;;-434;;
0435b;L3;heu et aussi j’avais enfin pas trop en dehors de la ville;P52;;0
0435c;L3;c’est-à-dire que si on fait ce superbe quartier à 200 kms d’une ville ça va faire chier tout le monde de faire l’aller-retour enfin il faut un truc assez proche si possible dans la ville;Arg+;;FAI
;;;(P52);;(utilité)
436;L2;oui d’accord;[+];;0
;;;(0435c);;
437;L3;et  et après, voir aussi d’un point de vue espaces verts et aires de jeux  si on n’en met pas un dans le quartier parce que ça coûte cher les espaces verts à entretenir mais si y’en a pas un quand le quartier voir qu’il y en ait un proche  donc quelque chose pas forcément lié au quartier mais ça peut ça dépend de la taille du quartier mais ça peut être heu;P53;;0
438;L2;inclusion des espaces verts dans la juste dans la pensée du quartier faut qu’il soit construit autour de ça;Préc;;0
439;L3;soit dans la pensée du quartier soit oui voilà soit dans le quartier soit à côté soit lié enfin que ce soit à la ville ;Préc;;0
;;que ça ne soit pas qu’un espace vert lié au quartier que tout le monde puisse y accéder;;;
440;L2;ouais c’est ça  oui c’est ce que j’allais dire inclus vraiment dans la ville ouais inclusion des espaces verts;Préc;;0
441;L3;oui dans la ville quand même  voilà c’est tout ;[+];;0
;;;-440;;
442;L2;ouais c’est bien;0;;0
443;L3;Vous aviez quoi d’autres comme idées;0;;0
444;L2;moi j’avais juste heu je suis parti dans des choses encore un peu de flou global juste parlé de on en avait parlé tout à l’heure;0;;0
445;L1;tiens infrastructure déplacement merci les filles ((rend la feuille à L4));0;;0
0446a;L2;j’ai juste mis une mesure permanente ;P54;;0
0446b;L2;et une optimisation dynamique des habitats  ;P55;;0
0446c;L2;heu clairement quand tu n’as pas de soleil tu replies tes panneaux parce que ça sert à rien ou des choses comme ça tu vois enfin des;Arg+;;FAI
;;;(P55);;(climatique)
447;L3;ça dépend si les panneaux sont branchés ou pas ça veut dire que s’il est posé et qu’il n’y a pas de soleil il va servir à rien et puis voilà;Arg-;;FAI
;;;(P55);;(climatique)
0448a;L2;ouais ouais c’est un exemple bancal ;[+];;0
;;;-447;;
0448b;L2;mais genre je sais pas il va y avoir en gros il va y avoir des extensions dans le quartier qui doivent pouvoir être mises en place et pas mises en place en fonction des besoins du quartier  enfin juste optimiser le quartier bah voilà autour des capteurs des choses comme ça;Préc;;0
449;L1;tu devais rajouter;[+];;0
;;;-449;;
450;L4;ouais ouais je le rajouterai après;[+];;0
;;;-449;;
451;L2;attend faut que je trouve un bon exemple de ça;0;;0
452;L3;et aussi pour le problème tu disais des besoins individuels c’est juste qu’après ça crée un système d’étalement urbain et ça fait des villes qui n’en finissent plus en longueur c’était ça aussi les problèmes qu’il y avait qui ont été vus à ce sujet-là et du coup ça fait très long genre un peu des systèmes genre Los Angeles qui fait 200 kms etc juste parce que y’a que des maisons;Arg-;;VA
;;;(P47);;(écologique)
453;L1;ouais ok  ouais bah ok pas de soucis;[+];;0
;;;-452;;
454;L4;heu moi j’avais marqué que je trouvais dans le quartier c’était bien d’avoir  en fait que les les logements soient enfin vous allez me critiquer mais;0;;0
455;L1;nan nan vas-y;0;;0
0456a;L4;plus uniforme dans le sens en fait que ce soit qu’il n’y ait pas trop de différence de standing par exemple entre les différents appartements ;P56;;0
456;L4;parce que ça pourrait créer de la jalousie et la jalousie ça crée des conflits des choses comme ça entre les c’est difficile que toutes les maisons soient exactement pareilles mais d’avoir par exemple que ça soit uniquement des en termes de volume que ça change que ce soit à peu près après chaque personne est responsable de sa décoration intérieure;Arg+;;VA
;;;(P56);;(équité)
457;L3;c’est un peu son idée quand il disait que l’on donne une surface à quelqu’un les gens vont l’aménager comme ça leur plaît comme ça ça reste tout le monde a les mêmes surfaces etc mais ils ont au moins la possibilité de changer les trucs à l’intérieur quoi;Préc;;0
458;L4;ouais on peut quand même changer la taille du salon en fonction du nombre de personnes qu’il y a dedans;Préc;;0
459;L3;oui;[+];;0
;;;-458;;
460;L4;c’est malléable mais au niveau de ouais je pense vraiment genre voilà même pas qu’il y ait les mêmes meubles forcément mais tu vois un genre de gamme de meubles ou des trucs comme  enfin qu’il n’y ait pas trop de différence de;Préc;;0
461;L3;après c’est pas forcément agréable par exemple je vis en résidence étudiante et tu vois tous les appartements qui genre le couloir c’est tout le monde les mêmes portes il y a juste la couleur qui change;Arg-;;VA
;;;(P56);;(agréabilité)
462;L1;ça ça me stresse ça;0;;0
463;L3;tu ouvres la porte tu sais d’avance où sera son lit tu sais où sera sa cuisine où sera son truc enfin tu connais le truc d’avance par cœur c’est limite un peu genre;Arg-;;VA
;;;(P56);;(agréabilité)
464;L4;nan je suis d’accord avec toi du coup ((rires)) j’avais pas pensé à tout ça;[+];;0
;;;-463;;
465;L3;nan mais je le vis en pratique donc c’est pour ça que ce truc-là;Préc;;0
466;L2;les mecs c’est des monstres ((parle du dessin de L1)) non c’est vert et bleu c’est rigolo;0;;0
467;L1;c’est pour montrer que c’est deux personnes différentes;0;;0
468;L3;je comprends ton idée que c’est pour limiter les jalousies donc qu’il y ait la même surface;Arg+;;VA
;;;(P56);;(équité)
469;L4;qu’est-ce qu’il avait dit exactement;Q;;0
0470a;L3;il disait avoir une même surface d’appart ;Préc;;0
0470b;L3;mais que enfin qu’on ait la possibilité de l’aménager comme il nous plaît;Préc;;0
471;L2;donc vous voulez faire des des des habitations équivalentes pour tout le monde;Q;;0
472;L3;en volume en taille;Préc;;0
473;L4;pas exactement;Préc;;0
474;L2;en fonction des besoins;Q;;0
475;L3;oui voilà en fonction des besoins;Préc;;0
476;L4;oui en fonction des besoins;Préc;;0
477;L3;et en volume et en taille mais tu as quand même le droit de placer ton salon dans tel angle plutôt que tel autre enfin un truc heu;Préc;;0
478;L2;mais pas le même aménagement mais ça ça serait la création d’un quartier en pensant  que y’a d’autres quartiers qui font pas ça  imaginez une Terre avec tous quartiers-là c’est un changement de mentalité monstrueux tu sais les gens qui moi;Arg+;;VA
;;;(P56);;(équité)
479;L4;bah peut-être qu’ils;0;;0
480;L2;nan mais je veux dire;0;;0
481;L3;bah peut-être qu’il y aura un autre quartier qui allouera de plus grands espaces de plus petits espaces donc du coup ça va faire heu;Préc;;0
482;L2;d’accord des quartiers riches et des quartiers un peu plus bobos aussi;Arg-;;VA
;;;(P56);;(éthique)
483;L4;ah ouais ((rires));0;;0
484;L3;oh bah heu ça ne dit pas si le riche ou le bobo va vivre à un endroit ou à un autre enfin;Préc;;0
485;L2;ouais ouais;0;;0
490;L4;plus ou moins la même surface en fonction des besoins;Préc;;0
491;L3;oui;[+];;0
;;;-490;;
492;L2;des habitations intelligentes genre le chauffage qui s’ajuste en fonction du soleil je sais pas des trucs comme ça nan;Préc;;0
493;L4;oui;[+];;0
;;;-492;;
494;L3;ouais bah dans ce cas si on va dans ce truc là il y a l’histoire de il y a des études qui font qui disent maintenant ils étudient carrément l’impact du soleil sur les fenêtres et avec un système de de auvent tu peux mettre ou pas à l’extérieur et que les fenêtres l’espace au nord bah va avoir des fenêtres plus petites que l’espace au sud et un système de enfin de montée de l’énergie c’est-à-dire que la manière dont c’est construit la maison à l’intérieur il y a une espèce d’axe pour faire chauffer enfin pour que le chauffage monte sur les parties froides et ainsi de suite enfin j’avais enfin y’a des trucs;P57;;0
495;L2;ok construction intelligente et heu gestion intelligente c’est ça ;Préc;;0
496;L3;ouais;[+];;0
;;;-495;;
497;L2;bah tiens oui en fait ça rejoint les capteurs ouais ouais;Préc;;0
498;L3;heu pour le système monétaire heu bah moi pour moi je n’ai pas grand-chose à dire sur le système monétaire sauf si vous avez enfin heu on a fini ce truc ou pas;0;;0
499;L4;ouais ouais ouais;0;;0
500;L2;moi c’est ce que je disais tout à l’heure la cotisation monétaire et;Préc;;0
501;L1;système monétaire moi j’avais parlé de la notion de monnaie locale en en termes d’unité soit soit par mois ou par habitant des conneries comme ça;P58;;0
502;L3;bah après moi je ne suis pas forcément pour parce que je me dis faut qu’on reste dans un pays  vaut mieux qu’on ait notre enfin la même monnaie que le reste du pays qu’on échange enfin je sais pas;Arg-;;VA
;;;(P58);;(économique)
503;L1;ah oui oui non tout à fait;[+];;0
;;;-502;;
504;L3;enfin plutôt que de créer une monnaie locale où ça va vraiment faire le quartier et le reste du monde je sais pas enfin;Arg-;;VA
;;;(P58);;(exclusion)
0505a;L2;nan nan je suis d’accord je l’euro ça marche très bien ;[+];;0
;;;-504;;
0505b;L2;c’est enfin c’est c’est ce que je disais là le coût d’opportunité  le soit je le prête gratuitement soit je le rentabilise  c’est ça la question de la monnaie un peu c’est est-ce que tu te fais des sous ou pas ou est-ce que tu lui donnes au quartier  donc heu enfin moi je trouve nan enfin je sais pas c’est un peu ça;Préc;;0
506;L3;bah après peut-être créer un système de blocage dans le sens où voilà tu vas prêter ton truc quelqu’un va te l’emprunter pour 6 mois ça veut dire qu’au bout d’un certain temps on peut créer un système de petit pourcentage qui fait que tu vas payer quelque chose genre mais c’est juste comme un frein pour éviter que quelqu’un garde le truc 57 milles et que tu te retrouves un peu;P59;;0
507;L2;ouais tout à fait;[+];;0
;;;-506;;
508;L4;moi je voyais plus le truc comme c’est pas créer ce n’est pas créer une autre monnaie mais c’est créer comme un comme un comme quand tu as un une sorte de  je ne sais pas comment dire tu as un compte pour heu en fait c’est créer pas une monnaie mais vraiment une sorte de de heu ouais de paiement local en gros c’était ça quand tu as un du coup par exemple une carte magnétique ou quand tu vas à la laverie par exemple bah tu badges enfin des trucs comme ça quoi;Préc;;0
509;L1;une carte de fidélité ?;Q;;0
510;L4;pas une carte de fidélité non comme ça en fait on peut suivre ta consommation comment tu utilises souvent les différentes facilités les trucs comme ça et en même temps à chaque fois tu peux payer comme ça tout ce que tu peux faire heu ça servirait par exemple à payer l’eau et l’électricité des choses à la supérette ou heu en fait je voyais plus ça comme un moyen de paiement général;Préc;;0
513;L4;ouais heu mais moi je parlais aussi on disait que du coup il y aurait une banque centrale du quartier qui permettrait de faire des espèces de micros crédits pour heu par foyer en cas de coups durs ou de trucs comme ça;P60;;0
514;L2;oui ça c’est bien;[+];;0
;;;-513;;
515;L3;éventuellement ouais le système de micro crédit il est pas mal;[+];;0
;;;-513;;
516;L2;il y a un truc comme ça qui s’est développé au Congo heu c’est;Préc;;0
0517a;L3;moi je dirais système monétaire on reste sur l’euro après on peut peut-être créer un système de micro crédit et pourquoi pas ça pourrait aider;Préc;;0
0517b;L3;moi j’avais vu aussi un système d’emprunt ;P61;;0
519;L2;moi c’était les contributions monétaires pour équiper le quartier ce que j’avais dit au début en fait mais ce n’est peut-être pas là-dedans en fait;Préc;;0
520;L4;si on peut marquer je pense;[+];;0
;;;-519;;
521;L3;et peut-être aussi si on a un surplus d’énergie au contraire de peut-être au contraire revendre à l’extérieur revendre l’énergie heu je sais pas si on produit trop d’électricité;P62;;0
522;L2;si tu penses en termes de quartier tu la vends tu la donnes finalement aux quartiers qui en ont besoin si par contre tu en as trop en ville;Préc;;0
523;L3;oui je parle le quartier qui en a trop donc il peut le refiler à un autre quartier;Préc;;0
524;L2;le filer à un autre quartier oui voilà c’est ça oui;[+];;0
;;;-523;;
525;L3;enfin c’est-à-dire que il faut voir le truc dans les deux sens;Préc;;0
526;L2;moi je suis contre enfin personnellement c’est ça je suis contre les échanges monétaires entre personnes du quartier c’est ça le truc;P63;;0
527;L3;oui;0;;0
528;L2;je suis plus pour le prêt ou le chapeautage du quartier par le dessus quoi ce qui fait que cette question de la monnaie;Préc;;0
529;L4;moi je suis d’accord avec toi;[+];;0
;;;-529;;
0530a;L3;je suis d’accord pour le prêt aussi ;[+];;0
;;;-529;;
0530b;L3;mais c’est pour ça que je me dis si on peut en gros rester dans l’idée où enfin je sais pas on conserve l’euro;Préc;;0
531;L2;nan mais carrément je suis totalement d’accord là-dessus;[+];;0
;;;(0530b);;
532;L3;on n’a pas besoin de se prendre la tête sur le truc mais que on n’est pas obligé de se faire de l’argent sur heu;Préc;;0